id,target
RGE-73622541,300.91679966346385
RGE-52769114,1362.6838638230834
RGE-40164553,994.086126480073
RGE-73877551,229.44592306455093
RGE-14598387,486.2859263817992
RGE-20725867,287.0309744758076
RGE-53323545,793.8793926750018
RGE-50407614,209.23599969864438
RGE-16966849,169.97130802631375
RGE-34940398,963.7091595990312
RGE-34280662,207.391599445216
RGE-93870610,1104.50270814643
RGE-47970023,229.22532700778117
RGE-36111037,1050.2226670178575
RGE-90110216,927.4343716877065
RGE-81476196,1072.8927245718373
RGE-23025315,2252.3462021547953
RGE-26247881,240.72172937879418
RGE-31342320,219.70671006084478
RGE-81949436,241.22590559629765
RGE-22005277,1142.0667734907595
RGE-75571039,84.95749740094118
RGE-38818647,197.58250081336791
RGE-49909183,865.6835417617202
RGE-14030064,2438.122229125045
RGE-80033876,1470.319019202117
RGE-89474589,210.50072392331822
RGE-17416960,77.88578171711686
RGE-99940649,1144.7393957336546
RGE-49332446,154.1076366018284
RGE-21682197,766.0407838726024
RGE-29840552,2528.313691050239
RGE-76047325,1260.3206511002604
RGE-55479140,201.26266314200564
RGE-48453960,1798.722598578246
RGE-99014023,804.3413547669554
RGE-94502861,265.20638916866864
RGE-11912567,124.04177669111027
RGE-55342938,145.0084692676728
RGE-94777635,1265.4264782706591
RGE-15911388,1664.8427017412714
RGE-92514066,1264.6366416899887
RGE-91294109,1187.9707938551107
RGE-26372055,942.5004888868585
RGE-11681948,128.77156697259875
RGE-21217756,170.26570634910001
RGE-43295187,1164.3139152556341
RGE-58336894,188.46124147418539
RGE-76810911,-12.724753177656567
RGE-89217824,895.3659033547032
RGE-36040115,736.1075439550096
RGE-88925527,962.771885333231
RGE-37879819,385.8463404526915
RGE-35194024,666.5082592421911
RGE-38180837,159.97952918641192
RGE-57541492,897.6743217042879
RGE-15837697,1010.3581469522766
RGE-30299322,355.06737174647645
RGE-39405687,1067.8854866917932
RGE-13259185,248.86956964450673
RGE-65057965,184.07435003926912
RGE-51506299,1674.5454186346315
RGE-24047593,743.4617907251222
RGE-91584971,199.82745934960667
RGE-97876758,403.08227025683874
RGE-87450550,601.5143554563849
RGE-97567222,565.2098668600437
RGE-36300244,215.105141100815
RGE-92563904,288.5010211815389
RGE-72335605,153.9172974399919
RGE-92396141,703.8883308195717
RGE-39921296,1150.208548021836
RGE-35015537,179.86087373055375
RGE-15848466,344.6176073535685
RGE-52457012,573.474366031963
RGE-71672901,144.36538956775087
RGE-37799219,888.890516374604
RGE-20735397,131.1529265993263
RGE-78363488,1072.2279638566345
RGE-44225025,133.6926149983109
RGE-30482092,171.18046884215084
RGE-65914836,1143.8698683827952
RGE-72863158,721.788513632864
RGE-22471999,815.3638945836416
RGE-20051371,1080.0771613356355
RGE-58405512,301.02459651133444
RGE-68682145,623.2009150940243
RGE-66269899,83.13282170026321
RGE-16509282,1595.5451542379471
RGE-64690156,333.42400175962223
RGE-35090577,291.1017795061993
RGE-28298830,126.96373897706451
RGE-46106435,217.89006807823557
RGE-95672786,85.85978363377012
RGE-18550831,99.14836165083773
RGE-16438447,129.38434943263258
RGE-63989835,94.60346178630664
RGE-35165146,168.22409234091594
RGE-17847371,626.8223255493953
RGE-42034093,309.6049276738069
RGE-55685188,2005.9071664862436
RGE-55626850,255.12214328305078
RGE-97013076,251.66384115333477
RGE-46716177,91.60077751591041
RGE-46734399,273.4763400427147
RGE-38024147,909.5150411635057
RGE-83880804,130.50326500564302
RGE-26838655,106.59332160934412
RGE-35076557,357.36654184789603
RGE-60103919,1021.0219553304098
RGE-19291653,679.6890678147371
RGE-84649398,1094.7988172541047
RGE-91553213,37.68801503146085
RGE-97547102,1057.131978143743
RGE-49545338,952.9944818723197
RGE-76197537,190.42047109440227
RGE-79492850,886.2833471421495
RGE-77503499,2593.6146223306614
RGE-76660897,392.8791174715146
RGE-21460815,2820.7022489564124
RGE-16776395,428.76872923873873
RGE-39883654,1136.6731082040196
RGE-91073361,2050.7836256552214
RGE-94458436,1304.2516486093841
RGE-13552529,402.2907079545155
RGE-22237936,152.56350583851395
RGE-27595867,77.34936247406222
RGE-60138945,613.2035715155369
RGE-68360751,2172.1816896104797
RGE-66511124,875.243769527216
RGE-90057585,324.3935582876187
RGE-75205095,298.79247275498585
RGE-35729659,1099.008166885969
RGE-78195403,822.0187816282446
RGE-30008294,1154.4349796249617
RGE-81944234,1225.9403696434545
RGE-67152285,938.8484924924189
RGE-40185057,662.2253738888251
RGE-68957359,515.6044644737057
RGE-39457432,787.3847256890188
RGE-62292741,110.82794700460909
RGE-61519001,283.1161421720557
RGE-26093060,52.65743730430552
RGE-47952304,228.29378450361855
RGE-47664701,507.34491107008154
RGE-77827865,639.195624368145
RGE-59557983,2814.362561263472
RGE-90412600,1345.725389375475
RGE-36653940,854.0629343638257
RGE-50021640,1162.2635160180448
RGE-24914821,292.56730475725567
RGE-48313278,1206.1487734658626
RGE-14227275,197.51309371381035
RGE-48229947,64.92521264458219
RGE-44305124,515.3102572018149
RGE-96377187,243.7716321757262
RGE-81030449,748.2544099269943
RGE-43579730,103.28627640014872
RGE-36952151,516.5173952871235
RGE-26421219,744.4757306562633
RGE-79462187,525.7207137650681
RGE-26730847,455.52557030279917
RGE-14332531,995.3793361208728
RGE-70107650,1925.090941489648
RGE-81022848,333.54003039635137
RGE-71880652,1561.3469816386557
RGE-59408466,556.6511784977517
RGE-45826871,1922.8377143068603
RGE-13429224,1117.3645498481878
RGE-49792262,537.7822243578966
RGE-96239052,181.5119922288983
RGE-69849707,862.1901577738955
RGE-82772553,1918.3270972034989
RGE-59473618,343.44418597187416
RGE-60197682,585.5403808949492
RGE-96595884,1152.083119449214
RGE-45145968,102.89291822500525
RGE-26829480,585.2150215450195
RGE-76045440,1516.0042049749468
RGE-18361845,879.946276016995
RGE-87307084,1632.5228484809766
RGE-15072774,1734.7436883655819
RGE-36478403,834.7993722932953
RGE-39488935,771.9462724753141
RGE-69748143,301.00354755768205
RGE-88126522,383.3485094403185
RGE-59128207,39.75042490371675
RGE-39072686,543.9999390699278
RGE-12254624,1020.5121855886398
RGE-58675291,613.3610049611567
RGE-25479807,1889.8797358297952
RGE-12232188,127.14335284897004
RGE-88672123,140.02044361829087
RGE-50736182,2997.1449562242647
RGE-22038245,389.6951728310169
RGE-66671078,1127.1848944166077
RGE-68745645,144.8048114444531
RGE-16273950,117.3668546685185
RGE-80364990,303.6317791663697
RGE-48633354,2457.1825093221405
RGE-91130660,185.72295071602093
RGE-44877252,152.14323269512022
RGE-63209986,123.56997279185862
RGE-66412763,774.5511254162012
RGE-21713060,2497.17708244217
RGE-10178806,895.2425587763711
RGE-63390253,1050.0392408578186
RGE-13756965,240.11917692917183
RGE-94114671,195.5186291779047
RGE-94678152,1706.6257726109436
RGE-53022208,336.39853230778004
RGE-16353872,902.0281173924753
RGE-12492458,1691.5683410282495
RGE-16843338,484.72445819746406
RGE-19641681,1829.9208852720815
RGE-59969402,931.6197888126972
RGE-27659109,311.9154874844872
RGE-14595985,586.772858775103
RGE-58930296,563.5957285689188
RGE-62391817,1173.8346502554093
RGE-96630664,1342.2911539739139
RGE-77096978,521.5300205635726
RGE-35552959,195.51028427659287
RGE-38626457,2010.522600333317
RGE-51976316,961.1357346622661
RGE-28171898,83.21953038989284
RGE-77111346,430.6658935505363
RGE-25235294,912.611196161014
RGE-60348775,220.76659103867803
RGE-48231146,21.005705756078214
RGE-90559945,2346.3862879076178
RGE-66293142,578.9924605891387
RGE-82636971,275.2402153021556
RGE-14571110,291.7604255466339
RGE-47088721,35.100031181322606
RGE-50252495,1846.477043036
RGE-95786543,348.75914352036483
RGE-45566171,554.0774981685345
RGE-24642171,1150.203264949373
RGE-17786250,952.799898029017
RGE-74705873,831.7415866259938
RGE-42855729,371.94360563652566
RGE-25555765,256.3102202822646
RGE-60124752,563.1098223521207
RGE-35346123,723.7906408654071
RGE-30475657,674.5555053576869
RGE-90002699,842.5977997415113
RGE-21102589,1474.3974348406825
RGE-50143818,102.2521906034251
RGE-20557880,1463.2773447951572
RGE-91203094,417.0436213559493
RGE-49964317,614.7711156231276
RGE-67658827,1017.3071025754613
RGE-94395695,85.39263140712421
RGE-84017093,338.9351298707718
RGE-52472316,220.37360886922772
RGE-10076698,365.9514768003667
RGE-12853592,1127.7286018238271
RGE-98390730,1134.7650040410767
RGE-55186688,998.3477528493725
RGE-23330526,84.45319940514185
RGE-35657546,166.86049387155947
RGE-94794673,387.3020901907824
RGE-78064256,684.8968951628494
RGE-90482246,2291.547763173966
RGE-94904098,926.5178309321427
RGE-25807596,232.4847876706022
RGE-96640377,355.5102056035943
RGE-26678402,1366.6741571441244
RGE-12983245,295.77826605005015
RGE-41270339,80.89030258799858
RGE-20682941,953.9922421430224
RGE-74654907,439.74568985865346
RGE-41957987,207.1752269939111
RGE-58210789,1724.2737140184304
RGE-92195082,809.9700682490761
RGE-47205080,723.2132519649737
RGE-42173105,149.77935154344266
RGE-92382881,357.0756876551358
RGE-32510401,887.4935989064115
RGE-69250081,390.014611380794
RGE-94116084,178.33540604907864
RGE-73931562,2226.3907754742204
RGE-88300354,11.665671860136058
RGE-99360205,153.61220761545587
RGE-73445955,1349.748578345253
RGE-26416957,1491.2414698462435
RGE-29521125,221.92838300007816
RGE-46004335,405.0575840428558
RGE-99850834,2082.0047061074615
RGE-11326937,2783.5280418119514
RGE-82404546,164.87591147513558
RGE-48947004,-36.466281126367335
RGE-14765747,319.83587719988685
RGE-97409735,2084.740664152977
RGE-58417525,1372.099570134074
RGE-74037118,938.0811164179507
RGE-94039577,327.9298294582771
RGE-39636248,279.1813896634511
RGE-89729307,944.5103220010847
RGE-11851820,822.4853761647355
RGE-96443705,221.20322835893478
RGE-54733853,1246.435438433305
RGE-81066019,131.71514655389183
RGE-71708082,1114.1266611358783
RGE-26699610,1084.8990820819668
RGE-93866504,981.1676350025539
RGE-55194340,205.00697333763696
RGE-56981393,485.37974836055275
RGE-35109639,789.7769117447505
RGE-75032207,319.24376704632766
RGE-42473264,1784.8113013800394
RGE-19229852,450.26298988379483
RGE-94857147,538.6518943670444
RGE-30770150,281.27849291550075
RGE-78389940,183.19466377133836
RGE-38409317,63.538036418618844
RGE-21235030,74.08807718904211
RGE-62100902,65.16069404458585
RGE-98051644,990.6202659570022
RGE-92758878,81.57053716123107
RGE-81161403,1051.1199998105785
RGE-91856556,2917.307977156835
RGE-18845304,17.73763096302207
RGE-73914652,412.93530101584156
RGE-63359277,1373.9464716887849
RGE-92795278,221.43403108162437
RGE-33791592,304.51611119302714
RGE-53616250,214.40180802539464
RGE-96863206,165.01430218551775
RGE-14542583,1861.7484226263957
RGE-75135964,2528.0508054428688
RGE-82013209,1857.21905904234
RGE-91122158,227.62546864367562
RGE-77955623,1241.4459320336043
RGE-69215434,1476.8097829257804
RGE-86715527,779.2772418627517
RGE-40460842,1679.1394093377191
RGE-42922067,1837.0961630195002
RGE-50659377,-45.42343923519877
RGE-48940238,466.4546041114666
RGE-54801364,85.87707736148855
RGE-99839185,107.67426661600985
RGE-61903591,860.1242410838769
RGE-84283551,543.0057142378604
RGE-18760806,164.80084245997455
RGE-71612718,1058.3321149024625
RGE-47998260,117.29523882750016
RGE-11623575,336.8994121504982
RGE-24155934,204.25768267714113
RGE-80318826,31.827873682552422
RGE-57118549,2051.844894698971
RGE-17021273,1209.7996599557116
RGE-49905852,1328.8003776955798
RGE-67673406,686.3517163120042
RGE-72893347,937.6683128996456
RGE-15275646,563.3968861277596
RGE-72205514,1246.2223488921932
RGE-95155802,67.16654183777064
RGE-74233468,2160.1857709331825
RGE-92553920,297.030481138823
RGE-87004880,378.20638476455053
RGE-49855316,607.4294745097359
RGE-14376540,913.3542067474839
RGE-27806451,187.7762644114615
RGE-12340790,282.246291661062
RGE-69863972,371.1395507855367
RGE-67873996,698.5608443827085
RGE-45599643,1490.9294712351025
RGE-79653171,437.11329450200043
RGE-81353524,202.148547714919
RGE-45483085,9.741240797216392
RGE-20330103,319.0594596293499
RGE-14802374,1698.1172797599497
RGE-12962546,750.1260691923476
RGE-45675492,300.06484554677905
RGE-81526369,579.5749116512799
RGE-52164009,21.78998068877786
RGE-14749476,1265.4880385008582
RGE-37210361,3029.9165080140456
RGE-82878899,1871.08346010714
RGE-27531475,384.1124478848164
RGE-26242074,373.64091169382823
RGE-33194522,38.55358499462568
RGE-98472596,106.33179852732837
RGE-81824278,205.21319976523284
RGE-70511091,151.4620619415989
RGE-72916608,798.0261246490493
RGE-64956168,602.4407238576543
RGE-58656201,734.8104234355328
RGE-79947061,434.3304100114301
RGE-38290769,1216.275111580127
RGE-72704776,1195.150315131925
RGE-75715211,821.4090417057816
RGE-32243539,16.85748350720769
RGE-87524155,53.78007885231068
RGE-77237468,777.9946025178579
RGE-28579806,1164.064639799777
RGE-76926663,2146.5094824818993
RGE-35534587,586.7797252665131
RGE-14845291,1022.4730304947368
RGE-87876685,1735.0097956031213
RGE-81807688,724.4649883682657
RGE-43215044,939.2420874328252
RGE-76793499,1723.4666419200303
RGE-47478495,1289.409086653949
RGE-39234226,1370.7185383150777
RGE-64070364,202.20868768722858
RGE-45964923,318.87237270801097
RGE-63592947,1954.1558634637308
RGE-12293965,164.81129803016654
RGE-20528103,1488.8498633928164
RGE-61855475,187.09092077486014
RGE-31368505,1630.854673913016
RGE-86073547,383.0374472710833
RGE-30092995,259.8698474785042
RGE-60905408,999.7020492102474
RGE-94673510,587.3527237727737
RGE-96865979,288.1768391016754
RGE-99266561,110.41267346734321
RGE-25076185,121.4250107472136
RGE-39294604,796.141246035755
RGE-39609765,56.25885095526212
RGE-41432978,411.8506891295968
RGE-75618885,1101.1152541120596
RGE-90600475,363.93445903003123
RGE-69624322,562.8644374721835
RGE-76041616,376.11186155195423
RGE-75501917,137.99502649888143
RGE-21384251,129.4661461745428
RGE-21465928,1468.8061239930237
RGE-94192673,416.3263046673664
RGE-58703976,1058.2346126243165
RGE-54969674,401.2153160137339
RGE-46131140,130.38816936663875
RGE-49235580,68.64221214908423
RGE-66049941,112.80404337937159
RGE-37101356,86.37441741827922
RGE-65486444,230.048118766715
RGE-54134201,819.4246805650492
RGE-80202322,839.8736910303294
RGE-14114962,862.563573048247
RGE-21925951,23.344440079638616
RGE-20552833,1768.802722666456
RGE-55929514,2446.960352983255
RGE-72684039,522.3389553324396
RGE-43961262,169.03783981407526
RGE-49782129,496.8893865304076
RGE-79123418,963.3173985875213
RGE-95142296,1439.0978092607058
RGE-93955651,386.8899831719337
RGE-38653812,1151.6573758862776
RGE-66355216,1719.560480524157
RGE-18792053,179.9251205356279
RGE-90664795,1316.8115627387438
RGE-42648775,178.1852316646807
RGE-83422779,535.8547302819968
RGE-42871695,1952.5207293886442
RGE-81641669,653.3893731153478
RGE-43235305,1834.8485846974181
RGE-45338486,991.1332182522343
RGE-13535583,1046.4526142870595
RGE-69873136,1254.1736190578245
RGE-69168466,107.03930671921717
RGE-78174599,1158.9812599404079
RGE-37356610,477.0727328128384
RGE-92856267,166.7096070844634
RGE-21920362,780.1105050179348
RGE-89491148,1823.679027410857
RGE-34241203,374.89545661417907
RGE-10107130,681.0625173856943
RGE-68144815,60.6862447270903
RGE-12025908,1088.0083720278092
RGE-80181362,296.79160985290446
RGE-79157750,238.39868582911396
RGE-78593422,2063.2549350926865
RGE-80387671,1495.031265694654
RGE-49546259,391.00522130461775
RGE-88089040,1383.828717667267
RGE-11313248,1439.91734627524
RGE-38147391,248.89837778744487
RGE-83979201,1295.7878910101917
RGE-78415270,1113.4969969109743
RGE-43192559,1743.04292521954
RGE-21481220,1108.4963067828453
RGE-32506314,85.48636965804553
RGE-57811338,2005.1676176633023
RGE-50561560,1556.6945598193925
RGE-78162281,1291.2486844410023
RGE-78470263,973.0854275045226
RGE-83223922,467.9929718629537
RGE-52203766,284.1157482816881
RGE-42798348,85.46968909434952
RGE-76613042,949.4264703211303
RGE-80973200,872.107175588038
RGE-77504219,402.75728371656413
RGE-47263693,2467.5362938159433
RGE-15779709,947.7112286017108
RGE-58526963,2399.246843859126
RGE-18386645,625.0502063977698
RGE-47453583,295.72443749369916
RGE-47052824,65.6932490526699
RGE-73378823,187.11142760442317
RGE-50772519,478.031221423784
RGE-39872481,491.3706679329938
RGE-78638030,979.2874681566974
RGE-59817867,691.591269493807
RGE-50065988,1140.095951647027
RGE-11713152,198.13104276802915
RGE-15351287,637.0800181566624
RGE-81918801,1631.7935977245888
RGE-80955477,31.765510065414446
RGE-71851911,896.4226281726628
RGE-73441226,225.04858820634792
RGE-95743826,259.50711492395106
RGE-98877711,241.81211982405728
RGE-25335624,1897.4048216164954
RGE-40324140,1715.9103203326372
RGE-97911195,375.0860041663041
RGE-33207341,1013.2344898394826
RGE-17411310,615.7855641756554
RGE-46622150,32.9909465161345
RGE-94620405,944.158436724104
RGE-55994901,185.7869258805689
RGE-81635998,25.516453628221257
RGE-62215466,1444.9486957453928
RGE-81598259,695.1967521648514
RGE-61117832,547.063977215788
RGE-70085463,1235.767815029396
RGE-12073482,1497.6619680942513
RGE-66692464,162.43086636350517
RGE-81816059,736.6457784670614
RGE-84735527,1127.939712961207
RGE-54987761,313.74219748921183
RGE-41362968,696.7899334471705
RGE-89441184,688.4751856648193
RGE-22078773,539.0214848806364
RGE-64082482,1162.177249239199
RGE-47939944,1431.6459060450916
RGE-12991086,228.88988198748575
RGE-69685509,958.2754481584897
RGE-70946477,232.25380081021711
RGE-90749880,627.2982963220011
RGE-76735001,864.8326973997538
RGE-96030512,1345.0536204236232
RGE-22261011,726.119712504099
RGE-58132054,1389.433148500881
RGE-22170661,926.599650030791
RGE-33453018,1922.752291340179
RGE-86051094,379.6465306302648
RGE-54654794,489.50243072582543
RGE-26672108,706.8112376612139
RGE-13371353,113.14052157868593
RGE-19611624,522.9937230355763
RGE-19818682,51.370341458576036
RGE-25535359,490.3434242870298
RGE-30543303,233.83978795984706
RGE-65307413,707.1869712585979
RGE-81969489,1227.5989498094452
RGE-50994552,829.7412386491251
RGE-42802234,591.7761615842822
RGE-48714478,396.2247796258278
RGE-10693739,1067.1760913314229
RGE-60942071,1550.1919877886098
RGE-78953309,788.4448667357957
RGE-80139750,529.4130503442541
RGE-27736900,1110.2480014010212
RGE-25072844,592.3010209819462
RGE-96373223,1069.2179876376754
RGE-57101047,2122.5190769090923
RGE-73136511,784.8457268999499
RGE-44035782,75.92927779952049
RGE-39348989,283.5453777018604
RGE-22242144,448.6628880896427
RGE-50488806,917.1370251174209
RGE-91863865,999.6265717935385
RGE-85953285,661.1884689122552
RGE-17917242,67.9928491400816
RGE-14874722,533.2860348528251
RGE-65418452,200.59300083763242
RGE-76566464,651.6847428469755
RGE-35037665,142.9504970702435
RGE-67051903,45.55859646157376
RGE-34462627,91.45441105071404
RGE-25916650,1610.230861257547
RGE-58208606,1028.3266974349942
RGE-75549749,644.519173529475
RGE-78653341,1033.5426171828076
RGE-88643117,174.27776221168995
RGE-26403087,47.21139542877529
RGE-70153653,1093.3695218826745
RGE-44120838,695.120211508559
RGE-56276475,59.74926404485143
RGE-93875189,183.32228149595494
RGE-17940119,934.6260347683414
RGE-26341416,2565.170515064018
RGE-89978759,1318.6549819873335
RGE-31038617,598.2409286965326
RGE-88988974,1078.75047794717
RGE-92299343,791.1867832997003
RGE-17496595,528.1903855577888
RGE-24040148,537.9980927113767
RGE-23913689,1324.4181361284454
RGE-30933892,34.993713502992364
RGE-91315862,414.4649839219051
RGE-85985905,628.3091819108613
RGE-16474342,158.47540298059994
RGE-32210113,234.30160639957194
RGE-70475218,407.22541751089545
RGE-75376185,1101.7285972595232
RGE-23721900,211.3017170604312
RGE-89338428,454.0942815247907
RGE-31317490,150.8332598411988
RGE-67414212,1138.535557561362
RGE-94553799,1411.2113234713788
RGE-96650722,801.210957846117
RGE-30501871,186.20894717501176
RGE-99240724,598.9981480974506
RGE-65797249,631.6346559795606
RGE-50058871,107.98550366839572
RGE-43286923,1678.37189090141
RGE-64414909,283.18224143288614
RGE-23428796,256.32504445830085
RGE-43157348,249.99461246030575
RGE-74447815,492.78973844889265
RGE-28629757,645.1324027486642
RGE-46634822,761.1866372503415
RGE-15267954,609.0694540543672
RGE-41173095,2029.3903442377002
RGE-27036993,1075.8358164217943
RGE-80676877,283.39108202002865
RGE-42906187,1400.2593948548467
RGE-46896621,292.7450365068677
RGE-25458476,299.39060974371546
RGE-75477263,768.2339679615854
RGE-20810128,907.4361931714807
RGE-17458581,339.71552774918746
RGE-27984853,1091.765570208982
RGE-68656555,932.6564458629597
RGE-70473620,425.7417996506886
RGE-33344892,1833.5285206973388
RGE-89785468,59.387616040244666
RGE-64195322,972.9427929227674
RGE-40121548,1315.0689142994297
RGE-42669993,183.72121887969888
RGE-40030029,986.5269379873714
RGE-75180944,558.267676493009
RGE-90873231,1426.2398364238506
RGE-84843411,1423.3259108567363
RGE-60070588,1366.0049132462682
RGE-17108549,1715.3164579449863
RGE-78250086,1077.4117566416812
RGE-69991348,1113.4689863127344
RGE-50667399,2814.5593269923356
RGE-76669107,1869.9791251264464
RGE-46885479,1952.3535162929372
RGE-12026514,780.7010898464388
RGE-61405939,75.27231046930308
RGE-19125902,2197.6570620617604
RGE-61728570,621.3268185097031
RGE-29261500,450.91199256728055
RGE-38458308,521.0345024094075
RGE-66721764,2244.0222220755268
RGE-56676315,2035.5931026538783
RGE-19995823,262.75362362506087
RGE-92306312,1156.4610354573094
RGE-12874764,2039.7611360017543
RGE-63385339,710.7157868829498
RGE-76347662,1088.9811755995734
RGE-90052539,121.04943462624783
RGE-96023270,2698.0418566815138
RGE-14707630,40.51886202614344
RGE-96591227,41.679443465999725
RGE-66519235,1054.0427849159146
RGE-82202980,87.04795800796285
RGE-31722440,1410.702243244646
RGE-19470779,202.77382042193358
RGE-90990177,331.1034442787931
RGE-41332972,1063.0657440987027
RGE-42028721,907.838155185836
RGE-24397534,1739.40717638695
RGE-93058969,920.3061639561668
RGE-65470261,611.7467327786328
RGE-82519096,601.0763818377998
RGE-18076954,824.3404684680709
RGE-45014605,299.5443203504932
RGE-83924838,1623.5588908904906
RGE-45654025,88.45318147175931
RGE-41500816,547.0500031674577
RGE-10250999,894.2051667426426
RGE-39955521,407.16198782528795
RGE-12398810,870.1709279568428
RGE-94261845,1699.9960310867916
RGE-35160714,44.10830738763184
RGE-77717046,379.1026040588344
RGE-32358470,-17.367564954939894
RGE-26824516,-18.579235464179305
RGE-75543814,174.37418344238324
RGE-84709770,578.7308624576598
RGE-28447917,943.3470941700742
RGE-12876785,78.52450840295865
RGE-50882393,919.4950962579945
RGE-40939171,187.39436623353913
RGE-40609588,34.92859161838987
RGE-32001084,169.53267457240077
RGE-14246869,1352.7206252469664
RGE-49683046,634.3793663336779
RGE-99429868,175.40992761481198
RGE-14141481,785.1012090980784
RGE-52972255,869.208877680742
RGE-67570587,1560.8757139783138
RGE-47537114,289.4482398789658
RGE-24495236,847.2293559169859
RGE-77964789,1697.5514758089844
RGE-48862938,758.1539666492572
RGE-61400826,147.46515069119096
RGE-59551032,114.79300512338443
RGE-51007145,508.49445305537813
RGE-41635772,1315.5427549392336
RGE-96564288,83.20975070873487
RGE-49667614,1069.5968231528373
RGE-44328021,1077.2546362794644
RGE-33214289,958.10569518095
RGE-76417033,1852.4467789784858
RGE-29983753,1044.6217657884504
RGE-82677781,1634.2812232370734
RGE-60982797,285.21893045542737
RGE-19070481,50.65927054038491
RGE-36020316,852.6649223691821
RGE-50859227,561.393741381636
RGE-64488895,30.802929417576593
RGE-16675934,48.921990391318786
RGE-56079594,1351.5855169892939
RGE-98749063,1153.1763454024576
RGE-70434685,25.512680203885793
RGE-98418101,543.8371351918636
RGE-79071818,820.9084456227185
RGE-72852539,738.0041815026177
RGE-67184722,178.5988408893877
RGE-51431845,1180.4861191224643
RGE-98860572,942.1467376425358
RGE-57299755,495.60657709919406
RGE-43469101,1610.9566261295163
RGE-18361844,2056.527214209155
RGE-97873579,55.88633271379081
RGE-89132030,272.02832281819764
RGE-39072216,335.16260757739974
RGE-86915887,180.1143525660451
RGE-34510798,276.3469960229326
RGE-89225198,897.3722476833277
RGE-11687840,1434.8940485287876
RGE-26909968,323.303869639861
RGE-55608658,712.8592297042128
RGE-35928194,1267.0157388937118
RGE-83567153,231.39364694159343
RGE-64084116,276.95294245776313
RGE-59446222,938.5085257018775
RGE-38316641,28.081320417505708
RGE-23731788,1664.352354840572
RGE-62377476,777.2471597043735
RGE-75939895,75.2646465466695
RGE-46282728,1498.0373983376182
RGE-34870560,93.45484206570461
RGE-21611225,717.6441920832723
RGE-20341133,2018.8625104258474
RGE-11625409,215.46392114354
RGE-41555470,835.1733541144655
RGE-89050274,90.13278750285667
RGE-61776708,133.85603926397312
RGE-11853894,207.84607907989903
RGE-84693699,146.31792094599018
RGE-97747946,204.98970962155033
RGE-89965982,237.02569946364736
RGE-48808129,551.1902622733109
RGE-15794452,1910.896033016594
RGE-94457144,407.6702372520028
RGE-71019198,1290.0291941594223
RGE-43360171,2034.6749074966042
RGE-13288387,885.3952042355529
RGE-41247647,307.1991813063703
RGE-77785533,1067.0974146689173
RGE-39809303,1075.5214827132763
RGE-98713035,229.00667097364715
RGE-88544353,2158.399100902604
RGE-92711542,148.72177631912825
RGE-23167167,155.75038605337681
RGE-27847478,1109.908101428693
RGE-88036004,2652.050043927017
RGE-63196217,214.34713044026546
RGE-64131230,742.548751296327
RGE-19074763,1211.3315691199782
RGE-35274767,3233.7459473804684
RGE-76245280,2351.389591804173
RGE-56016491,1822.034576997033
RGE-98420890,2.2487963746687
RGE-55741015,1713.5658635284094
RGE-71864729,569.7932568355304
RGE-45716784,1405.6445746310833
RGE-57692034,89.11425749424222
RGE-42072570,177.03459723540857
RGE-95828992,871.9171907742638
RGE-83528044,211.94560664962933
RGE-14119729,1380.926577418772
RGE-99046044,992.2406844978384
RGE-84786691,887.2302543572077
RGE-55321745,471.35547802101183
RGE-70718223,634.806917077143
RGE-31490331,616.5298692347643
RGE-94462881,489.6614917945933
RGE-86895236,1265.9809782747843
RGE-21127722,1933.5630240948308
RGE-75676013,1316.9665076006497
RGE-79818424,355.8106911336965
RGE-25834221,1533.227642433333
RGE-93215431,167.42799383748593
RGE-96349544,428.0833511298963
RGE-27658752,534.1072346402594
RGE-35645634,975.1841217054653
RGE-58259156,754.1053779975787
RGE-19620293,670.1003101231536
RGE-44877241,121.29287842168753
RGE-45572139,299.5830534246998
RGE-74059409,2199.610555571738
RGE-85855674,517.1256512723294
RGE-80746504,428.57841754147427
RGE-39406923,465.39431757213913
RGE-96122853,139.82391376597093
RGE-26112467,216.83257127446154
RGE-70555707,138.16626333504587
RGE-82974068,1852.8892376147767
RGE-25093329,935.840671835407
RGE-84983912,148.47578920370051
RGE-83239970,268.67616724993724
RGE-71241153,1058.8632518188128
RGE-73220202,189.49182433531007
RGE-31957153,1617.9805905282358
RGE-62277822,2390.9247053051477
RGE-74171553,701.9123821495393
RGE-41067202,133.83804262205933
RGE-84596406,94.31950724282103
RGE-70457068,197.18306826749267
RGE-30126426,127.11316942255871
RGE-19459321,342.0540558151857
RGE-23940104,1325.11410320912
RGE-88235121,506.6402124022162
RGE-13099569,301.145266854831
RGE-93282697,143.82993478048456
RGE-77280094,1073.9079625022882
RGE-82549889,179.4645086232432
RGE-26144969,1261.522003794411
RGE-71497270,512.9880846071213
RGE-58138068,304.5269240145281
RGE-97398995,2107.9242576330284
RGE-62566857,534.157098674235
RGE-12120570,1882.2409176114213
RGE-44763943,140.02282535186362
RGE-11744518,477.2833083416136
RGE-58757152,196.91016813337683
RGE-87139501,317.3060812164256
RGE-82544986,493.66032201138705
RGE-85828157,61.768362560808555
RGE-79232538,80.85387573408366
RGE-81243292,1077.998515488623
RGE-22231632,1744.7459678558487
RGE-82414843,758.2738146027236
RGE-17534261,99.42645158570781
RGE-83515329,297.8256773733315
RGE-29656963,284.53222462896275
RGE-29438610,2341.8623310447533
RGE-22219971,1034.8966276494634
RGE-43367763,324.73865534555273
RGE-57595337,2372.307404638438
RGE-45971900,1564.993892782586
RGE-25184460,1679.1757567897876
RGE-58366497,1495.4773959186832
RGE-15722425,400.9967843790733
RGE-23941715,821.104509437908
RGE-93436001,1373.2933198301857
RGE-76880452,1979.6289480353
RGE-76005482,350.1251866314159
RGE-12417054,1015.8723733749114
RGE-62680724,153.85890020736076
RGE-34056410,1533.2559379024924
RGE-76357330,361.52222545569384
RGE-13092830,162.87301500267597
RGE-34190751,73.344362769888
RGE-63843566,305.0125302134298
RGE-67766743,507.5631836087244
RGE-36654971,763.7520194919703
RGE-30191778,669.3696042492977
RGE-39151185,685.0226961804586
RGE-57209766,1063.6507359600723
RGE-79550720,261.1049200466995
RGE-97496577,1569.6390674688291
RGE-98838696,919.6333204445208
RGE-91484879,84.90059955873733
RGE-52775341,459.53801029494383
RGE-24874457,243.98548636215963
RGE-77457084,731.2447891973366
RGE-66205245,214.09526395454395
RGE-56845805,283.9024008213521
RGE-45973767,1761.95549894233
RGE-49623435,226.7391869225067
RGE-32496280,491.3004151391439
RGE-30854200,249.6594314536486
RGE-93282687,1366.5375176435305
RGE-64019973,283.2020411466597
RGE-67204833,239.41886911243057
RGE-69951433,222.91703608870802
RGE-54572969,221.7847465442677
RGE-21949924,498.5618267105205
RGE-90977613,2059.1915121946604
RGE-20413656,342.10759652535097
RGE-77086801,1236.163140176273
RGE-87778706,550.8683591806233
RGE-36002388,62.112326705454166
RGE-98287653,753.8850913996474
RGE-43512028,967.8973596344417
RGE-43510131,1421.4416532893042
RGE-51436477,1049.5494518862502
RGE-72381107,131.29900792384785
RGE-97290774,598.5462319458757
RGE-13666266,292.06866457223344
RGE-79666186,133.14112635618164
RGE-36546083,2257.6891831787816
RGE-54283309,1213.5123157853277
RGE-39456777,233.08779643247016
RGE-67581592,399.48343198735296
RGE-47310793,413.0921159486261
RGE-57326928,1578.3957064470937
RGE-47157429,1091.9927623005954
RGE-88938695,884.1392642006464
RGE-99163658,188.87410933546073
RGE-80357648,519.5734178222544
RGE-36244266,1183.3692213491727
RGE-21115299,239.18160011452989
RGE-12738788,1290.098498675537
RGE-26180099,1325.3210478480796
RGE-21674559,-36.233646929689826
RGE-16384620,129.14836447733967
RGE-51314193,392.0964107759883
RGE-53703677,556.2226622039121
RGE-54097469,909.7925333341565
RGE-95336047,2317.1182766631905
RGE-22753178,87.99638795449255
RGE-71087861,2276.796609772584
RGE-18918247,162.2201525746765
RGE-66911535,86.80165443916303
RGE-41467356,960.6431302470401
RGE-92800861,1643.5432737379765
RGE-93434871,474.13021484304636
RGE-81048899,434.12464266701187
RGE-43685705,312.6931309702824
RGE-92399602,283.06423325513543
RGE-86674059,1560.6310704758748
RGE-87533106,586.3445641082276
RGE-33124008,1377.3732003477096
RGE-35458225,248.32567382704724
RGE-13675942,1740.9616630794812
RGE-93826779,405.42609949929164
RGE-13559487,1540.8929048313655
RGE-99704588,160.70679265947535
RGE-27040678,251.3707403809035
RGE-13190477,1261.2509687736083
RGE-19759339,290.1895174525851
RGE-10499057,330.5960992305069
RGE-35136789,827.8874219308842
RGE-61407221,193.21866445141814
RGE-62689031,554.431311245966
RGE-16084923,95.24859905578569
RGE-68233573,652.8344445794596
RGE-59417719,232.50587640619773
RGE-25859654,2683.238743847123
RGE-39915025,714.5345885533281
RGE-15147732,150.9073419438365
RGE-41550029,27.505470674725984
RGE-18965428,1513.8518011121255
RGE-23114463,1228.3556629470663
RGE-41276651,1186.8795958425076
RGE-86920261,22.821857781435597
RGE-91605542,225.50276057471632
RGE-54741386,1727.7908231224005
RGE-99170184,463.65544453859246
RGE-17084545,388.56922945715576
RGE-44142549,765.9198554080616
RGE-80567392,1003.2164798191618
RGE-64872544,82.78386695347706
RGE-44623342,293.09155879017624
RGE-10746721,599.1472757294592
RGE-81686557,1036.349883682531
RGE-76129495,1079.7724520292293
RGE-56665729,1640.4460235533015
RGE-25709102,153.03052347293112
RGE-27662488,1475.1082005789654
RGE-78983070,1499.9951476612173
RGE-36027233,1805.3149012490903
RGE-40881938,1933.29976684751
RGE-92899131,1456.2533244814422
RGE-38161448,1491.4468130439923
RGE-44118094,274.6037020583081
RGE-25937768,10.435470936693264
RGE-12626272,254.69485409440358
RGE-71048467,806.971158106461
RGE-95974951,1232.1637827988366
RGE-46653130,553.156633151123
RGE-87096439,2123.540755676375
RGE-12963988,966.0890577863015
RGE-57902436,1544.092555828958
RGE-37892587,684.6314678496362
RGE-84588165,542.0596223061459
RGE-68150665,1037.4802157130116
RGE-97626599,823.397313580906
RGE-64238903,633.931444027013
RGE-38716235,231.48744855148436
RGE-79921954,1964.2516078556994
RGE-87229106,70.05659608209987
RGE-34497180,1280.1639178806574
RGE-36379187,276.198767303473
RGE-45530586,1442.7633768664396
RGE-50142114,2226.118720820873
RGE-60787282,1167.3368858870058
RGE-21383432,1393.1824673057436
RGE-25802285,948.1380441887045
RGE-25220343,1340.5048706450857
RGE-34398424,638.5825667032536
RGE-99981587,119.6027363406738
RGE-40349799,166.35405236208987
RGE-95567139,1879.069260281227
RGE-51303522,472.4094619428956
RGE-73151770,36.54330770956949
RGE-51849450,397.29789348853535
RGE-53136526,794.5411730296591
RGE-56410008,892.4868844115329
RGE-34313719,801.826128102068
RGE-44208770,289.5829742990709
RGE-67664039,84.30489207240589
RGE-92880726,551.3997938686225
RGE-50311059,246.34555200447073
RGE-52495194,277.1996389388686
RGE-35202946,387.4373161471239
RGE-31999989,269.3027917222826
RGE-93079729,1537.3298399203054
RGE-53661939,206.33526627287063
RGE-76071302,735.7121896291042
RGE-71729797,678.1837856038029
RGE-79789510,2135.546922368141
RGE-41993002,77.10858540737479
RGE-37789484,416.0993087293258
RGE-70119475,2.4391344791964684
RGE-97157113,637.9348776376839
RGE-59265259,-29.33422716208122
RGE-63613448,130.47822116988414
RGE-54635111,445.87953059780193
RGE-32838859,444.9956288925356
RGE-15869260,65.00260789213576
RGE-22066768,937.309239313607
RGE-76228103,2215.0416639546183
RGE-39709259,371.23886995041687
RGE-62779588,283.28952029080165
RGE-24390470,1222.1622214992537
RGE-46303273,1795.2751150981899
RGE-56449117,177.60961692648777
RGE-81954424,334.5212745998391
RGE-13545447,608.5725433701139
RGE-82425758,1605.2863355687796
RGE-80685804,451.6365193992394
RGE-48107389,1802.887085208932
RGE-98178871,679.4073110227807
RGE-46434671,984.4223787596852
RGE-36803604,972.3300175858758
RGE-67543462,905.9470032190129
RGE-20992363,240.33416316696997
RGE-36712244,1465.9490053143763
RGE-74372949,285.4600649544249
RGE-96164514,78.62364898296187
RGE-96482036,376.5424275878242
RGE-15911839,421.29806143657345
RGE-99113214,1144.5108861198378
RGE-47120972,288.05830554829976
RGE-30922276,2261.0623500492156
RGE-57384297,405.53070587277523
RGE-89612609,554.8018193458046
RGE-21834596,1360.5585323356747
RGE-92671839,992.9529745134764
RGE-83597064,154.79334121827173
RGE-23391051,285.0751663278902
RGE-96882213,1595.3216918350736
RGE-68714787,461.13971177880165
RGE-61380527,462.68421491802115
RGE-57855334,549.7455929935034
RGE-42687543,181.39531867535288
RGE-74128044,106.11469370206498
RGE-70990142,1372.4051732755756
RGE-76075219,1403.053440615639
RGE-21471140,1058.7804807622394
RGE-86971885,1573.1987087768216
RGE-45817995,558.8066461758672
RGE-62463252,702.5837976422866
RGE-26692734,6.961661607656993
RGE-94377132,461.7809524048418
RGE-50363302,898.9059721249263
RGE-19565003,308.15156949772216
RGE-31931337,474.41877483690297
RGE-64172644,685.9997542811286
RGE-21829164,278.7446509414589
RGE-93387877,204.2815563029925
RGE-22196053,217.55383559847894
RGE-22227636,1481.0825253645253
RGE-41783037,275.96672235995254
RGE-96785664,2076.2019352265884
RGE-29715033,452.0505387155505
RGE-21060544,616.7343602464667
RGE-52285686,911.8845243596734
RGE-69289414,127.80680731749806
RGE-86128648,1137.8598068400847
RGE-85161148,307.3753283140834
RGE-85816271,1746.7015608490424
RGE-85937450,417.20333100703306
RGE-14892992,315.7432850866693
RGE-30599559,144.21556219807962
RGE-54794909,304.42123703322176
RGE-31069990,1136.1227368222858
RGE-16619430,998.2353759614425
RGE-86158976,739.0869222559955
RGE-43204924,1176.996184276265
RGE-99369542,134.44494631156522
RGE-54935081,638.8126463552647
RGE-23562893,231.4582210553378
RGE-71918341,874.768998774236
RGE-32882338,1340.4941127662137
RGE-55446258,262.13962956142285
RGE-15799736,1330.9985192392437
RGE-48896891,80.45708160616698
RGE-81745469,379.69694937731015
RGE-94275919,1941.5639994476173
RGE-31368572,387.3986955016843
RGE-85994958,1400.6671699836877
RGE-74688822,182.63594250455742
RGE-93202367,1019.2520769072896
RGE-46699482,3.4742823322358163
RGE-80130305,1138.272190321182
RGE-90007711,23.1444101141293
RGE-47621746,1022.6718015647931
RGE-91621294,2174.061085253395
RGE-85661262,36.927487143777626
RGE-29584602,151.25555693530907
RGE-79868665,1233.862804475674
RGE-53616813,568.4842208110399
RGE-28561936,157.3739067284812
RGE-33052073,1015.6471042766025
RGE-44494119,370.14356881601987
RGE-76378266,617.7092445507167
RGE-21325418,704.9728512887884
RGE-49443634,731.6994515646113
RGE-38832913,1309.5323058866861
RGE-55896822,383.5606222599851
RGE-27547615,296.66502809350874
RGE-67612765,626.9515420147148
RGE-37277679,270.9334645285261
RGE-34860837,875.1945156320367
RGE-77639995,535.1729218170387
RGE-67923681,20.232717000133903
RGE-45283751,1078.0436840206435
RGE-14297785,1482.538757821755
RGE-89374561,648.79585596092
RGE-48843884,2230.9953575993877
RGE-91686978,1333.1856994800944
RGE-52446313,84.30480488071305
RGE-22173239,117.72263059923694
RGE-79724517,299.1934115293051
RGE-69706300,265.7865787986711
RGE-75555527,1570.8644702336283
RGE-37927253,1347.3267255978606
RGE-44063783,115.96126551126076
RGE-48854600,951.2191620066769
RGE-57469305,2412.2820379083487
RGE-23474024,2160.475452679351
RGE-61910691,650.2065860717996
RGE-23651639,122.51029054798698
RGE-25460249,1643.6039834764829
RGE-29525917,1524.7009646791237
RGE-81842685,661.7186566617271
RGE-51030701,1523.2871563734766
RGE-68400666,348.0670343541626
RGE-13865932,404.0585189578719
RGE-33375965,59.490224837224446
RGE-27724811,863.301061332538
RGE-30664594,169.41257205495663
RGE-53229406,1666.853813293576
RGE-61447849,1266.993195972781
RGE-22456161,909.3109315340084
RGE-60846437,81.35693053478883
RGE-11872869,1643.8301933688624
RGE-87561207,158.88669990656115
RGE-35202583,227.81407899405696
RGE-32571863,74.96984149317439
RGE-81478128,227.08049883206604
RGE-47641450,2298.7303617002763
RGE-87695303,648.7010807448819
RGE-61134253,1009.1010751776668
RGE-98971201,1083.7035026173387
RGE-97017296,1399.513176991731
RGE-54962440,382.309175462112
RGE-49770728,910.8471523917904
RGE-41224445,2360.6250835321543
RGE-24210505,1185.1545647635085
RGE-27683545,273.6544149380916
RGE-85339469,160.21764763110286
RGE-96982316,139.46238152037859
RGE-33864869,143.208273183629
RGE-80526122,1432.1154744723067
RGE-46559719,434.1082202507512
RGE-89292781,372.30305762151664
RGE-33121110,565.6818598919212
RGE-59929342,1164.0219569206015
RGE-29108499,438.8581652787887
RGE-87213002,226.09502300158772
RGE-44302917,682.2760002597365
RGE-58492580,1453.7021548603525
RGE-30810615,170.02493373507752
RGE-75064067,230.72002763183667
RGE-74901615,561.3898678847039
RGE-42774380,637.0778286517876
RGE-28033729,1017.4246187322537
RGE-98782330,431.046301293139
RGE-70952787,151.43905305947135
RGE-17839558,196.1202623143538
RGE-31720928,65.33899783748745
RGE-53021030,709.6088802924448
RGE-70657820,775.7984254102846
RGE-40719391,447.93106322755017
RGE-71021295,1364.854056373384
RGE-14588006,140.59941650055453
RGE-77561295,1027.4485034149789
RGE-73890486,-34.93742838037463
RGE-12843861,841.8301537396723
RGE-69346975,16.002410207251387
RGE-76005518,264.09234579234453
RGE-62068274,1560.0573388034986
RGE-61920322,1190.5850058742083
RGE-50458130,337.72508104833025
RGE-82503774,1181.7918442013217
RGE-79706576,175.6235056869059
RGE-22680042,1245.7656619433133
RGE-15513535,1217.8233821904873
RGE-74318747,462.96101388360466
RGE-16919446,1123.3448076433083
RGE-31550442,1667.0776369123982
RGE-92278552,2068.7271987395343
RGE-65067247,159.1676558490832
RGE-75917733,1105.201706220936
RGE-68023044,1527.866896341795
RGE-89491971,213.5660135269011
RGE-21312944,1644.2497501140801
RGE-36709910,238.50876823343674
RGE-95848237,667.0789570762873
RGE-34136336,93.76247926338885
RGE-50224977,1050.5129347401848
RGE-97683881,183.0508941785207
RGE-15977769,549.3023357360237
RGE-34282690,1738.996727934063
RGE-59079019,565.3021205701086
RGE-35717162,1613.9341218109726
RGE-77408521,954.9555895929275
RGE-90750334,1814.5395090448073
RGE-60106465,749.9536879039039
RGE-88865595,263.31437641209067
RGE-16351201,367.10253908968673
RGE-70680373,78.81993091778361
RGE-84496769,375.5428088358736
RGE-75212251,678.4781503834773
RGE-19266515,2004.4104897429327
RGE-63296541,116.41620633152718
RGE-81578717,996.7071255485287
RGE-51707259,774.1884675808844
RGE-54401842,183.26542436050931
RGE-78679660,274.5419031057682
RGE-59345802,7.437935526947399
RGE-29983563,2683.296617185475
RGE-99307550,232.91101969712724
RGE-52955488,226.3403819160348
RGE-45694353,1257.7905398219136
RGE-74795230,771.0107931114546
RGE-44524161,790.9640665321662
RGE-77043605,351.4869225250271
RGE-86415409,1779.233671557197
RGE-87019560,1067.6782331382133
RGE-50020598,596.4075496185986
RGE-88519577,695.1395534454648
RGE-64158600,327.56535990247636
RGE-26613480,-8.928299130514802
RGE-51811728,2621.1734418064534
RGE-60260999,116.71719360401096
RGE-71979873,369.47371307790695
RGE-16184480,1669.1452315616898
RGE-26094902,55.65847534959357
RGE-68306439,376.6925165044932
RGE-73950945,623.2146018623688
RGE-42007566,2750.6320255456735
RGE-47331455,792.714663795799
RGE-24026394,711.0123421270847
RGE-88804144,192.90695828056448
RGE-59612806,944.9450075681557
RGE-77923023,229.23089970536228
RGE-10198291,1547.3683694771353
RGE-62076835,52.22741340892151
RGE-23097322,1496.0010596756165
RGE-34663373,604.4595855320401
RGE-63133228,76.0492816645882
RGE-76549437,212.69157714029984
RGE-21128621,137.7445456026544
RGE-19630521,-57.85758196702329
RGE-64146486,95.57220247478153
RGE-29583389,474.3499371076599
RGE-78381250,2221.5554651221382
RGE-48645441,1185.4447632612787
RGE-78072543,1203.1208723024124
RGE-85361416,833.599106200729
RGE-94349737,425.1177995411519
RGE-80595206,1421.285773761405
RGE-63507383,73.03430250250005
RGE-47848343,957.8924291209491
RGE-60983800,209.71784976175252
RGE-73759953,1218.7778373599199
RGE-87161382,2934.0174955248945
RGE-98026317,330.64384604265905
RGE-72483833,11.55843355101365
RGE-20746803,377.0054262263074
RGE-70101541,1230.0386670641042
RGE-35915872,1831.362155074441
RGE-33026937,667.3165518618094
RGE-38535719,2083.476149872544
RGE-25652745,909.8060139246107
RGE-81743974,1254.4582552459342
RGE-84369987,248.30454824127617
RGE-11852953,306.8228475745677
RGE-81147326,145.66945901232305
RGE-65147631,156.13373532489652
RGE-49776996,633.3708626846818
RGE-78628442,573.2037811421819
RGE-91702321,-68.83839690716229
RGE-14711579,33.620289894490156
RGE-96146406,1429.6157979429358
RGE-79891566,2137.459180659497
RGE-96006206,1305.1642422470513
RGE-26674367,950.3695389862452
RGE-63906061,246.29012070562584
RGE-94530164,1920.9068424533202
RGE-17615675,156.9541145731631
RGE-63887557,87.68036673315828
RGE-47683226,962.8670913413532
RGE-51264600,931.4927043905758
RGE-89029836,748.0208297789513
RGE-20146459,1007.2272032915869
RGE-79714981,66.43816557218179
RGE-14853166,1174.6434476362995
RGE-74153012,135.58776164990752
RGE-70003495,327.6958732559633
RGE-41906373,921.4314457650744
RGE-91211856,2905.9184353355954
RGE-61905558,312.7599560620501
RGE-99615038,284.50218457362706
RGE-69775452,1356.9643498238884
RGE-27053767,640.2735880377537
RGE-65919889,37.28855377084335
RGE-30058430,436.09985474964117
RGE-46107623,656.564758390756
RGE-97490909,61.671488065850326
RGE-17987754,735.8716856653759
RGE-44841889,695.9473877253355
RGE-33811086,-31.91391145431578
RGE-86539852,1077.7615637521099
RGE-59006148,430.9205483851961
RGE-86819372,358.4519375931086
RGE-84902303,762.8737200843921
RGE-82674900,1809.1018166002714
RGE-41789410,119.55398747702748
RGE-34620457,1314.95667995527
RGE-30757591,376.7414207046826
RGE-57792812,37.43101197945566
RGE-61642626,292.4691730947178
RGE-48307060,612.5866294698318
RGE-51648649,1782.1430448686588
RGE-15216022,1291.222305359454
RGE-50867424,730.6621586650543
RGE-38961896,822.6921508567557
RGE-36000290,106.8927992754027
RGE-20594579,229.93147073288452
RGE-46604906,854.6582100066615
RGE-41924531,523.7221546695497
RGE-23381423,314.0655836738303
RGE-40111686,1060.5412855169693
RGE-69310196,928.4051209556073
RGE-28191878,362.6443769895806
RGE-35411614,308.72495507112114
RGE-36512802,271.75662932892124
RGE-25709532,1454.7017754593044
RGE-69860043,522.3237328412874
RGE-26888528,894.4728353771401
RGE-43601341,2041.7080798153215
RGE-51160135,247.13761034457485
RGE-84075245,619.6054698399757
RGE-92407521,1517.817270265804
RGE-51132768,1058.5815428686178
RGE-53034132,1665.6951515473224
RGE-59466614,1464.5152992084531
RGE-49328427,592.1647334205305
RGE-14760885,364.8260460975078
RGE-15934436,529.5190376967302
RGE-97174451,733.3170146344339
RGE-65231666,1147.0262264325734
RGE-48541824,676.6984600321308
RGE-12905073,1102.9430329760783
RGE-26956566,1866.049754178593
RGE-62532185,1625.3021999458974
RGE-80287587,192.53563461881527
RGE-51018810,52.42834068764682
RGE-67094051,664.5145314990572
RGE-32708442,428.45838772783014
RGE-57947676,928.5419275953465
RGE-25801982,289.63024555107245
RGE-81671413,282.89016167578126
RGE-98519631,703.4753045339626
RGE-41616357,320.91901869128156
RGE-28554037,674.0831679263691
RGE-62565527,35.047649812140094
RGE-61322438,44.263299973559015
RGE-32837951,969.7691750421568
RGE-60596613,1167.0490992268647
RGE-29089468,376.44047680791374
RGE-90660719,211.82011286416173
RGE-39878684,128.5975156723515
RGE-70721492,196.63517095922577
RGE-53233518,200.65214844683203
RGE-35038345,1270.7862410249709
RGE-34318136,971.4130187186246
RGE-68595757,677.3239273109496
RGE-93078997,218.00521746861
RGE-36505557,526.881355991101
RGE-52169588,1289.272352202096
RGE-62767945,912.8566799872178
RGE-38842887,319.8775927625781
RGE-21606310,101.36345832379425
RGE-74801365,191.6320632294104
RGE-44047051,-17.153233619701496
RGE-11694161,1066.99198877734
RGE-39688631,153.4755852054709
RGE-33105503,74.96361828340878
RGE-41362036,65.1881907769689
RGE-31191472,878.8275400011364
RGE-98007826,28.13926099106368
RGE-69255299,2663.0068850298358
RGE-75583952,-10.516369369618474
RGE-42065748,634.3520071080242
RGE-32958163,199.4785243300148
RGE-87993522,465.2773375459727
RGE-42285042,135.89354717197955
RGE-62283942,629.1103439702182
RGE-13594932,539.5161693704023
RGE-92345642,2477.008547222838
RGE-68094057,204.72791397451363
RGE-94098067,2098.270041032665
RGE-67676255,202.0823098366892
RGE-94256698,266.59819768502064
RGE-15242945,1110.1499389591188
RGE-24365926,797.2746470075853
RGE-29572787,142.8600031332951
RGE-94540332,246.03766215942233
RGE-32993357,523.4034017155498
RGE-40137074,1843.3872793171572
RGE-90956650,280.8524825793949
RGE-10944457,79.78452628214404
RGE-73191174,115.01972932664307
RGE-11838966,1186.856960296871
RGE-12776258,2724.5279056567606
RGE-43252979,294.424083023945
RGE-26776159,511.9959174816826
RGE-29358440,1202.2777013608284
RGE-77772483,1443.5880866313896
RGE-11105908,894.8272247793693
RGE-15124257,1844.0783710385078
RGE-50495210,1092.0525890497192
RGE-59922351,1163.2861184324315
RGE-49133022,2707.0240321574097
RGE-61789899,517.1790148566622
RGE-84405250,245.10485331201733
RGE-38912592,1786.181442510567
RGE-95472544,1160.9032956099086
RGE-71055233,1128.2303589624262
RGE-87268039,1143.2268108833694
RGE-22341278,437.0027726783517
RGE-56265541,298.1536460793578
RGE-31587446,241.34996522489
RGE-68373619,1614.989898905227
RGE-29463981,1718.39715227521
RGE-63921175,171.67110183766943
RGE-30466366,331.4798180775581
RGE-29221204,628.3763788978291
RGE-74358665,248.04692329951462
RGE-29249248,1026.0349576837693
RGE-63872704,1416.27884111964
RGE-54642481,262.10870874391173
RGE-65428475,327.92484692534316
RGE-25495892,638.1424450311101
RGE-76365939,92.51543923444603
RGE-11371925,983.6707848461394
RGE-66237152,62.99489274573011
RGE-64030596,1870.5185855806055
RGE-39359031,523.3605363388748
RGE-18126503,773.2595362515531
RGE-83978834,958.6204555551183
RGE-64593517,1245.6229540442614
RGE-59409259,781.302692183685
RGE-49803854,1253.7335729731592
RGE-94944330,2010.4898141597487
RGE-15515266,607.1557759162532
RGE-61006729,1681.5151733712278
RGE-85228200,998.0388671219912
RGE-87185484,483.77987908749327
RGE-49978021,460.0261416020688
RGE-36646181,335.1829988223432
RGE-84617174,834.6862955057802
RGE-44398114,1805.7816667055931
RGE-41858642,1332.4511995997914
RGE-46223036,1521.6745611623332
RGE-34855464,772.9561199350115
RGE-59381956,115.18213226974603
RGE-48235066,1193.449700729799
RGE-96889155,220.68435356263183
RGE-84139063,278.6649675462368
RGE-37627811,-46.57397775132233
RGE-93302136,252.16943782922078
RGE-39678486,2197.5229055571867
RGE-35745999,368.0350058388939
RGE-73154158,128.5232874635625
RGE-42717942,117.59587149697393
RGE-69210239,962.870453769953
RGE-59825565,29.758483764626362
RGE-99815884,139.52601665508826
RGE-82939781,1505.4095861679896
RGE-55164960,1394.0922773412544
RGE-92443901,882.0063785551004
RGE-65298648,362.129532050917
RGE-91521934,604.7050530402371
RGE-69620225,23.770770466781073
RGE-37137169,848.6370254125518
RGE-99917013,-19.596276404525042
RGE-65860875,106.05679327491453
RGE-89033522,1822.7162769759811
RGE-44215883,968.24369780788
RGE-54433989,1231.8744206843023
RGE-60888219,135.57289129871742
RGE-89556658,1100.3509318009778
RGE-46599724,688.7682486988396
RGE-96699393,460.6231662033322
RGE-96337352,224.09970849825658
RGE-15553353,102.81686848708955
RGE-59859598,1893.2844783450516
RGE-13184516,231.66726979485537
RGE-27060312,667.6500142954104
RGE-38208935,8.762729482380223
RGE-18277451,12.7524597092455
RGE-99146227,111.29848057900108
RGE-99081047,404.76958586619156
RGE-16443844,179.5081290172933
RGE-71212980,479.61646555782
RGE-77896038,1197.2970078557662
RGE-70036374,1672.3127243095773
RGE-29914758,343.712613590828
RGE-35713267,777.4963560228952
RGE-96010657,255.67205595981522
RGE-96161714,267.50162369905024
RGE-88847293,205.9403428535636
RGE-68250115,577.7415738149077
RGE-30464992,123.2710519740815
RGE-15251440,1519.289665072993
RGE-91560625,1125.089925394734
RGE-71594159,638.6428401734048
RGE-55385265,957.7639109309259
RGE-66712842,133.78625819174204
RGE-39945322,1557.5051631884376
RGE-24797879,452.64609921056376
RGE-22105188,2388.2711328593487
RGE-28224132,144.6771419992416
RGE-65240811,341.93688387724546
RGE-34138422,327.3159045344608
RGE-10195659,1551.5133023725816
RGE-56058255,29.004966002738456
RGE-26663338,242.51988021505713
RGE-43269039,270.24214945569565
RGE-82343458,1023.7811701303121
RGE-17662002,186.76070632575
RGE-16449024,526.8786789302993
RGE-34603046,270.6935509516363
RGE-35202847,705.7728237676746
RGE-59228333,1509.9471365727045
RGE-26382776,761.2059644628695
RGE-46485116,971.0149515764599
RGE-31401152,761.7960079787182
RGE-43939803,240.78668682229664
RGE-67379183,184.65450476866545
RGE-50252233,458.509431775971
RGE-99283176,437.51204397534553
RGE-38198125,685.7321216924428
RGE-40655919,796.3321346917328
RGE-15650054,162.77410709326102
RGE-66692386,169.10607059253095
RGE-25279438,693.8028411205518
RGE-78881841,882.7501527997358
RGE-27277533,931.6145227287491
RGE-18237170,896.987758515546
RGE-75116415,2484.670537557591
RGE-39875202,209.61840070581638
RGE-85309442,406.549881395731
RGE-20413713,1259.7957306136395
RGE-51967189,314.4080967470629
RGE-11791931,1366.2490523914046
RGE-16814740,1932.777378829282
RGE-87061882,484.38744378957426
RGE-43276513,145.2951762890758
RGE-35834940,270.16024238837184
RGE-12996111,513.289937427638
RGE-95722294,2816.6753856523974
RGE-68177038,707.926313023748
RGE-33886844,855.8668931200702
RGE-51334363,193.32815223514376
RGE-22720414,184.53267371282698
RGE-98262121,659.8612365395852
RGE-97409826,92.03448160175094
RGE-78720129,1080.1729289913198
RGE-77618608,1573.2550485708377
RGE-44562306,682.2682949803691
RGE-30631826,126.3612803278146
RGE-47757683,370.9289919742704
RGE-63600297,838.0982564931504
RGE-52793256,518.0144689029648
RGE-53494808,1129.6516246294645
RGE-57267791,143.99214808053523
RGE-50412510,93.7617221742072
RGE-26243852,1923.9134728804281
RGE-74016986,424.3243349792271
RGE-89033269,2193.252079574592
RGE-49512513,257.4656375920044
RGE-48754905,76.4882209644046
RGE-97264978,1421.5766024503762
RGE-95555840,382.32335095407456
RGE-67543851,1266.60959664317
RGE-30230330,40.29210680993583
RGE-30435289,320.0134850642617
RGE-37997355,1589.8921105164552
RGE-26453461,864.5204223639648
RGE-70144636,294.1044169763848
RGE-87769131,30.836640355573422
RGE-55777152,1003.0982834449094
RGE-83258169,2091.3831080058953
RGE-77593158,1294.7341875291927
RGE-69241249,17.268261087902033
RGE-38264309,125.48234882083489
RGE-37999450,1468.5527439552302
RGE-46861944,2261.228516847851
RGE-66061162,1322.9365095601706
RGE-33276512,637.2188283011038
RGE-24373146,626.6033553091008
RGE-21467893,1194.6928505296842
RGE-98972437,233.98095931997517
RGE-95449811,857.6252301060476
RGE-54579295,851.6120548257406
RGE-13259612,1578.7988758920042
RGE-83338105,150.6181041920314
RGE-71924356,893.0824867605709
RGE-99046144,157.10279914762475
RGE-65711934,503.925224724441
RGE-38610972,1300.6346443920147
RGE-17523512,1266.2159896292173
RGE-52118595,1364.574461404684
RGE-82431715,883.7639152162448
RGE-90808814,302.4189981806116
RGE-23140518,2125.2344055548465
RGE-49245062,780.9718453091151
RGE-17789285,44.51298488873044
RGE-54177166,168.8160053203311
RGE-52878411,238.91828357225023
RGE-37155241,724.1533482195133
RGE-40064923,324.9065739242771
RGE-28840360,1228.2307016341401
RGE-78175510,688.7415841982861
RGE-64045701,14.426749708878788
RGE-93198628,2460.163620847725
RGE-93104752,836.4525123235871
RGE-44053010,594.2514772542709
RGE-77981850,604.3885184501156
RGE-62569631,1025.4921511276962
RGE-63995200,657.0261309600585
RGE-22153261,941.7881605758096
RGE-86983775,24.602906867784668
RGE-30853127,862.5194679311177
RGE-64959781,438.1842054372064
RGE-98291370,683.27370612557
RGE-38749645,84.44304630512045
RGE-26858075,197.46342204388566
RGE-63119525,226.07506002433473
RGE-60045407,139.5692400945045
RGE-99431113,426.67188618674226
RGE-83039578,1163.9832743258903
RGE-34494027,82.12222466067692
RGE-10235706,808.0658976155929
RGE-21065467,915.7195229204939
RGE-83977403,143.30067296187406
RGE-62419553,853.946065082961
RGE-99556028,1060.635450917351
RGE-69334797,39.87691001365317
RGE-40423972,683.0057691625774
RGE-45683413,478.7147025596762
RGE-67129811,262.66392327928446
RGE-19546315,982.7314811166416
RGE-96630377,42.11119795645868
RGE-30561720,1712.3783589165123
RGE-84852878,988.6365008179396
RGE-98960297,1449.2313856996648
RGE-49977057,189.2895936507465
RGE-87596659,104.94668528685872
RGE-82452002,495.29754468255567
RGE-13544356,818.4163668386135
RGE-43747887,1549.338110830568
RGE-29772465,2047.8726428733116
RGE-92422809,720.8166689814487
RGE-47838648,40.819192430994235
RGE-78842438,985.1272696715213
RGE-44973409,843.7673407778453
RGE-52388242,1648.9854963917815
RGE-93508343,1236.6995294390567
RGE-84722297,1450.2603846564475
RGE-72249523,278.9299849797597
RGE-79271972,1687.5343066254388
RGE-59158385,1222.9495177219057
RGE-58818580,283.3328442994661
RGE-42135981,550.8557648899447
RGE-56001735,226.0596224887111
RGE-24484881,1744.0781881417117
RGE-67058248,1553.125746001522
RGE-57517959,1967.2502770312647
RGE-47150723,861.7279176302284
RGE-25492443,233.84867942276992
RGE-19016643,87.10829233107938
RGE-57212367,1606.2908074078093
RGE-38719213,187.54790980745236
RGE-54295163,450.6519643911816
RGE-10845164,1050.136387836946
RGE-37851472,585.3580458924993
RGE-22092784,1016.505114571951
RGE-48491775,380.4554755338085
RGE-98792244,554.794975642134
RGE-80589395,1212.8250217186335
RGE-85888157,512.4860259084841
RGE-91433601,827.2150879483353
RGE-15517463,1442.4122391491283
RGE-51341748,1313.7584855429373
RGE-34969628,244.89101865559348
RGE-14264252,2286.623246001428
RGE-35544778,507.2044726767141
RGE-92784927,1156.274011736172
RGE-83944954,375.0031716897454
RGE-44958091,1200.3981087613101
RGE-13113900,861.5465724408281
RGE-45147042,184.8771501067214
RGE-22545458,195.0959008278851
RGE-73788203,140.48620233812528
RGE-29808404,1033.0881923323182
RGE-93790769,1326.926666482083
RGE-29797293,4.35732995959188
RGE-32851145,767.7515142334825
RGE-52822176,569.8181546805552
RGE-78706478,1001.7044917795852
RGE-89799256,975.2035951112947
RGE-39828809,298.8478537508044
RGE-71480196,631.0001976071457
RGE-70168790,636.8660366665077
RGE-58877315,75.19401548812277
RGE-46263577,130.03701723494953
RGE-27046122,702.6185829597479
RGE-56530240,261.46886937495674
RGE-33305007,923.713600540163
RGE-52430426,1643.0468859515017
RGE-28682714,208.76046241180438
RGE-41772359,278.057658013531
RGE-80797262,1219.079327238791
RGE-79810850,153.30071972442272
RGE-63208162,125.41607090279285
RGE-77672113,378.0237167772291
RGE-52510568,1329.249367799338
RGE-47959334,1873.3644205235662
RGE-44747033,556.1658447791197
RGE-82929277,506.14166412638633
RGE-61422956,634.6938955249852
RGE-79794867,1281.3179706856636
RGE-62282413,1590.1947937718437
RGE-39099139,23.486897997756273
RGE-69314050,337.1111012643051
RGE-50952091,1946.6374736247308
RGE-91431184,88.20821124811425
RGE-81155959,155.8580552294742
RGE-89976341,253.91512769844303
RGE-85493537,436.1295135160596
RGE-12333271,1984.2295625825343
RGE-96775646,940.8771257658091
RGE-36401095,277.4747345105912
RGE-75801161,261.3507385883258
RGE-34173978,356.8766091587935
RGE-53288741,47.556870607247106
RGE-59256392,34.10052821531019
RGE-35705852,1345.8971275365398
RGE-51153465,277.78691990291816
RGE-78140319,98.1797137299776
RGE-66758328,431.88379363960877
RGE-52974549,130.77500978336911
RGE-28193901,982.385863702975
RGE-53893419,51.13062119523613
RGE-83819327,384.9638534590792
RGE-28987482,35.36871556930362
RGE-61653033,755.3518311550667
RGE-21368013,288.08009942144
RGE-13433056,192.05818416747366
RGE-78645228,31.98598220488418
RGE-34382557,354.24512713329955
RGE-59387767,545.4380275603228
RGE-24105497,529.8187831648316
RGE-83432800,902.4720976417714
RGE-96092571,1122.0037683781397
RGE-84386550,129.32691965056313
RGE-27189570,70.021993622928
RGE-45860242,393.92095404622467
RGE-49694996,1285.1567777918985
RGE-59276518,147.5652428160828
RGE-99900297,1380.8424210749968
RGE-11852992,906.9935044621664
RGE-48992526,273.2301307361534
RGE-71362454,2671.025886517747
RGE-26254623,873.6229362342663
RGE-97378736,1444.919650389648
RGE-61677155,1135.8282084646974
RGE-70678645,945.0141541250734
RGE-54836980,2358.7818199290127
RGE-82191990,494.04489755597297
RGE-23269267,868.8687289183301
RGE-61781063,402.6550110193906
RGE-74400892,180.57956620489858
RGE-78474183,108.65324224700896
RGE-47196428,155.91081205825583
RGE-61003978,51.41839060627365
RGE-95054195,566.3920965156923
RGE-21483464,2352.2487758248176
RGE-92475160,1142.7010535699508
RGE-91729354,313.89114134125384
RGE-59905892,94.15935748397726
RGE-81334218,626.6019156338714
RGE-60521709,1344.4474845369991
RGE-18507384,770.2920864713697
RGE-84403013,2192.5861431329795
RGE-45767812,1011.9219926169412
RGE-52788385,1572.5129494550288
RGE-13573800,251.84164409924938
RGE-70251241,458.9461481635792
RGE-63407784,302.99052820985133
RGE-37934715,345.7568073193208
RGE-42256716,1266.2895843718393
RGE-89131936,326.7406514568994
RGE-55817203,130.6198080909677
RGE-66430561,341.451765304085
RGE-93477909,1725.4862269494483
RGE-64276492,610.933916498475
RGE-50419056,1384.3321653791872
RGE-86867073,489.97800253376283
RGE-98242776,921.8580005765782
RGE-24578559,333.62974163426014
RGE-57819060,112.716023189476
RGE-10339323,1569.174408159804
RGE-74028426,332.80205656415
RGE-35167310,1061.5018902654706
RGE-19057010,2443.8786615529198
RGE-34953888,713.7998144218052
RGE-22583251,123.4862783603246
RGE-72774422,1711.161758488401
RGE-45923701,553.1363984941937
RGE-31374306,121.42281302642073
RGE-87621374,249.56847276572245
RGE-71587407,1221.0802608996153
RGE-59264458,647.7163510505765
RGE-75715030,4.733382761007078
RGE-17100392,215.70009880971247
RGE-96169140,707.0702419700582
RGE-11765252,121.55073700151797
RGE-62730285,585.8684854640582
RGE-91057461,965.1331536253222
RGE-28747710,171.42944332037848
RGE-80021618,157.79072499406027
RGE-53286899,281.8012998012247
RGE-56346298,111.24144311255031
RGE-33318140,209.92071055312874
RGE-63809998,411.865903608175
RGE-46854036,410.08820736859786
RGE-24500006,286.9182119901627
RGE-90234173,1959.5646218957736
RGE-10528182,1169.7391672305318
RGE-58054749,730.7981666754329
RGE-88981895,843.8860673168188
RGE-54171740,1978.964943626964
RGE-31465016,113.00659975635199
RGE-93998626,275.8246153390188
RGE-63887523,1081.7642348322074
RGE-10763350,1298.1582611306276
RGE-22462813,209.6500574094622
RGE-52878660,208.04750862450658
RGE-21238423,1849.5768258664798
RGE-82762631,1253.2352415152297
RGE-97085503,810.6434123171207
RGE-26496527,114.0301027146877
RGE-50867447,1596.8489080414695
RGE-28960650,1239.6765868393547
RGE-61354763,491.9543876258638
RGE-98328793,351.06874282286503
RGE-13418190,112.95935487117401
RGE-82847772,631.6056029619676
RGE-82784734,65.53014228826498
RGE-86521503,158.91979595327757
RGE-40197537,1281.6540419102485
RGE-26684337,182.67141224278464
RGE-86961708,362.2889622505046
RGE-41720143,492.782595395475
RGE-61693156,2536.0161631872033
RGE-60425128,1162.9459011014983
RGE-56826130,390.85721945100954
RGE-26643729,562.6855224328742
RGE-42835334,268.0806154427649
RGE-35831820,857.7627144024812
RGE-71309752,1425.3320287162342
RGE-50794203,142.9505682578689
RGE-26148711,535.6345536110442
RGE-97881396,153.7873868967887
RGE-46711644,626.2347762901118
RGE-47253132,189.94586966359452
RGE-93005358,598.8910668568632
RGE-78896000,214.33522029685037
RGE-71144036,697.4274808158833
RGE-98146705,524.045695488768
RGE-95791794,462.6580737663075
RGE-12402598,265.056141084537
RGE-92079505,875.2936787380969
RGE-29522008,760.0346156061239
RGE-26075332,2708.2508613940045
RGE-11252471,483.77808290490225
RGE-66700030,1652.3779852993962
RGE-40155873,1187.515879715617
RGE-63686901,208.30640954149487
RGE-29231634,1154.1986340573762
RGE-29362422,90.03898766196198
RGE-17891418,903.2209415543704
RGE-82909266,272.0836753058425
RGE-91772844,107.6776086928478
RGE-39864741,1325.8964336589502
RGE-66493753,157.50926454659452
RGE-70519820,1266.837879750307
RGE-58300607,391.1817319192036
RGE-50444947,1585.2556120215131
RGE-79061424,420.1064309506726
RGE-33453489,1314.355487274333
RGE-24594840,140.61535690280243
RGE-10519108,688.8624307832557
RGE-26997684,664.1821436089567
RGE-91197525,614.3277656743911
RGE-44567932,1848.370718721966
RGE-44851734,173.53108235780655
RGE-95508207,2531.9978952173556
RGE-78655377,821.0702060898467
RGE-63313484,968.6196944999665
RGE-86674779,365.5759575054147
RGE-43368115,737.1456033487281
RGE-46500437,107.22067506692304
RGE-85789157,542.6734254623885
RGE-86790137,233.52134553982916
RGE-17007874,2259.6792815229137
RGE-83370207,1521.9574795740928
RGE-92796327,384.30989550106887
RGE-91154104,61.46169477376361
RGE-93127619,152.89424300899043
RGE-69258199,1618.4073142175962
RGE-64385303,142.12471606109887
RGE-58326780,1421.0459875435827
RGE-96550989,310.71674091163345
RGE-87791132,74.31120372752889
RGE-22027024,70.56910221758665
RGE-19676154,1454.8073255994773
RGE-49160863,1506.5979399970722
RGE-46227814,358.2359518633899
RGE-13635291,732.5630461935549
RGE-42106698,570.7888182019798
RGE-69703559,139.88772461327483
RGE-59492039,154.57394301885824
RGE-62121103,937.8631976636277
RGE-95077622,1175.1720507902096
RGE-67985706,132.13718646138216
RGE-87784314,1245.9994999710511
RGE-57103853,641.7738333382488
RGE-82646225,150.79114483373473
RGE-23294723,378.68689843106705
RGE-21505400,626.3730952905519
RGE-77491884,1097.0465586818236
RGE-41426541,7.330871407679979
RGE-80387259,305.8558820786674
RGE-21903273,191.83649253648332
RGE-25913300,257.4463346077301
RGE-15946663,212.0734414486609
RGE-45011684,1203.7884496856843
RGE-97318084,786.2331480083359
RGE-17444411,2570.143011217352
RGE-81891534,1441.0991360512437
RGE-51548840,2326.822621661947
RGE-14580077,485.92550051932733
RGE-80514946,175.8820371674185
RGE-65454871,1992.913554649127
RGE-54318488,26.19572282412321
RGE-76991570,365.56095841326345
RGE-71049764,1538.840921153897
RGE-85406545,305.4932769902496
RGE-51460505,1036.376048669961
RGE-72997741,2094.987852445396
RGE-13188114,406.7383772022286
RGE-77641321,1635.3422922579753
RGE-96368806,806.901251357594
RGE-43536371,130.54428544607526
RGE-23228606,347.2812156251725
RGE-65469384,262.34959190470477
RGE-22550429,1393.910476311628
RGE-78225622,587.7563636589599
RGE-81247438,1295.675953538813
RGE-70241582,297.93686660086996
RGE-40429089,91.74120836962425
RGE-42544363,1354.836284751439
RGE-35200058,632.6266133072008
RGE-78351291,511.13935492193065
RGE-90628344,292.9558272627683
RGE-20508761,1573.5145082208046
RGE-13645311,2312.24797446203
RGE-87541614,482.9106121745381
RGE-14245025,1144.6059823907967
RGE-37348731,702.6890388973952
RGE-68200603,656.3192309983258
RGE-20574973,1072.9154050212053
RGE-55866092,18.36149381113819
RGE-92799761,55.57683988414192
RGE-45318586,1484.244402620956
RGE-84346569,281.6857827388828
RGE-14620615,696.597674835905
RGE-32930397,453.92883751116545
RGE-56167304,589.7398480390075
RGE-70061992,233.3021083009791
RGE-60106653,2288.0724867047334
RGE-56125234,264.2468243475491
RGE-76409022,2109.217648466388
RGE-28613989,353.9772050686716
RGE-80375169,1245.8744257389903
RGE-74514614,979.6055399413849
RGE-83884140,1370.0374440366172
RGE-94168073,2448.363928920554
RGE-70432865,57.79399536663641
RGE-21506550,2224.200048917285
RGE-67833116,1067.0568010572665
RGE-83397266,1017.7569715866714
RGE-40947489,710.1086140574095
RGE-79890931,97.24587274345174
RGE-33926614,1011.6247186119929
RGE-43215951,79.69981572379538
RGE-13193999,1535.452097663216
RGE-29548979,370.7342596081899
RGE-63670233,577.9138289293724
RGE-15115220,592.1383340634517
RGE-68828441,901.0762387103268
RGE-23853131,1610.423532488155
RGE-49231680,540.5054686221443
RGE-99561293,423.80953648443466
RGE-73620752,424.7145407710082
RGE-79560298,1205.611639132819
RGE-57714191,686.3510630308177
RGE-16353491,409.8569626477808
RGE-91430130,652.9471441773087
RGE-13995197,1561.489200156073
RGE-37211778,228.94519402709767
RGE-27583482,605.9567172894763
RGE-61561781,2048.234532311262
RGE-46229745,410.60955258004003
RGE-36176757,885.1190964601834
RGE-74360187,132.34437801939555
RGE-70747921,1908.2005307890993
RGE-60520548,627.0568569083697
RGE-27092871,226.26579611252907
RGE-46922415,1993.7403779993738
RGE-30934665,241.75775094442537
RGE-70479500,819.6360366666133
RGE-37817266,2298.8903980287578
RGE-55794866,1394.528453732418
RGE-54482898,715.1056576088828
RGE-44215257,639.3617696686053
RGE-66253347,313.3958560663733
RGE-47421423,227.27665445235118
RGE-90598146,566.7412045317062
RGE-85467932,143.74256536081293
RGE-25361939,2333.662818165399
RGE-36836307,1905.0760701497982
RGE-55581788,419.9869199308183
RGE-85769915,358.4275614212752
RGE-90070792,234.98324448637243
RGE-89687350,118.26825234833734
RGE-24994325,152.90264094101417
RGE-47588947,670.0966982645649
RGE-80473206,238.52859877173188
RGE-80960308,486.0521698048167
RGE-33834880,188.17984298772706
RGE-64954252,1399.0198188596628
RGE-14564896,317.4426754193317
RGE-16759707,865.569251492473
RGE-52978513,72.17009433590545
RGE-33460973,196.3554297047957
RGE-44419549,826.9784792757408
RGE-82409772,321.5010549999901
RGE-47960155,941.3644565961157
RGE-21597176,495.33690305244374
RGE-32245144,55.464871614354934
RGE-70646670,197.11954857399678
RGE-72767383,525.5054190180474
RGE-99439385,246.21447143359842
RGE-13475412,224.45072663384695
RGE-97826870,1111.0559261308285
RGE-67221477,307.87169830160997
RGE-81515865,197.59402090916217
RGE-58716240,203.50781344486302
RGE-41624672,1173.9922050220073
RGE-36731213,342.6703720982216
RGE-45913403,119.40839801051175
RGE-28729299,22.402938271841663
RGE-54039532,501.8128502096828
RGE-76337351,145.12733814395324
RGE-64959045,148.62840856550508
RGE-61486278,245.69767799266737
RGE-98709141,1262.203178352161
RGE-90603410,1860.8757875431559
RGE-39176894,206.23655295385913
RGE-74173705,430.450980030658
RGE-37877681,1530.2174740951286
RGE-33641121,14.281506358182241
RGE-86368967,242.2469059226774
RGE-30514225,238.80991833513218
RGE-67429076,432.3049135107551
RGE-50657484,323.7795402538633
RGE-43023007,47.272929036981964
RGE-95459641,1912.6525425552088
RGE-31262572,1734.6094882128991
RGE-40815736,931.1724234669674
RGE-62303095,242.15352596096244
RGE-58359730,316.4097461630256
RGE-68311379,584.0914884707657
RGE-85648022,2382.069541274521
RGE-40632578,1053.8870552464798
RGE-44997610,268.1918865132096
RGE-68155333,2006.6107708825105
RGE-80574097,295.2868540954681
RGE-65575863,127.97579571488836
RGE-97710152,1738.2653389466964
RGE-46571954,199.5949137095099
RGE-17560888,374.95757067274343
RGE-63755426,1604.3527697872025
RGE-90895416,1256.5451981001572
RGE-75338434,2512.3056098794477
RGE-86316484,990.2930294276345
RGE-59378812,736.9767583020817
RGE-46339092,39.84890862890552
RGE-74035872,1304.9284959380363
RGE-12323887,1696.0694755408906
RGE-57434356,760.5765914598023
RGE-50120736,1001.4228459951833
RGE-58341586,203.98531183174657
RGE-72097225,1703.3467754360881
RGE-34827267,500.54307913420877
RGE-73495445,402.3496792608104
RGE-27795114,993.0318084357259
RGE-38589424,1354.3740271323602
RGE-79881042,394.40724918180797
RGE-83885419,198.2247079496725
RGE-86966562,390.5350779103462
RGE-67120148,171.8601960771898
RGE-67879114,271.96316357224293
RGE-72434941,182.39947997295076
RGE-21370183,170.9316500303538
RGE-72861685,189.10181904452293
RGE-75198974,1273.8013604138896
RGE-48399612,320.77668924865924
RGE-83799750,870.7958905756598
RGE-87765190,337.244993009657
RGE-72853565,346.7299603253356
RGE-74357329,1636.126047478155
RGE-76586740,357.04391754474534
RGE-67162312,172.89016724183432
RGE-35152413,1421.8733731033553
RGE-12217561,213.812901229516
RGE-28679787,515.9712746586664
RGE-34559935,894.0787088732592
RGE-27729618,842.8944051575386
RGE-26244850,909.150255450775
RGE-86328921,862.2879607536921
RGE-72943022,-17.7192783133753
RGE-94590477,1773.1769709445666
RGE-55528258,78.9935907010871
RGE-31818995,634.5343856505048
RGE-28075938,1532.4503426013816
RGE-87537976,974.1895243253184
RGE-51540362,1504.6914179071778
RGE-96043433,146.65601929346508
RGE-98466743,407.9334929740972
RGE-47252961,1210.845440657593
RGE-98679772,871.0775573526537
RGE-45528682,411.7453102907718
RGE-59256864,797.2108560718233
RGE-27183133,872.1713509651274
RGE-85235743,125.74656546863173
RGE-57770768,115.9975538872277
RGE-58029429,354.19985908598204
RGE-54418457,1464.3003416277152
RGE-55886834,395.1256069479851
RGE-74510428,726.2066701531497
RGE-46919396,172.0537747019929
RGE-15660228,330.8223821782729
RGE-19585770,208.94427159121517
RGE-90306782,1409.6466736313805
RGE-85032845,409.0177759676646
RGE-51648466,74.48769446798065
RGE-10566473,1942.1360684478739
RGE-32283668,119.58677179744359
RGE-95313232,1598.7370162526956
RGE-89447880,1297.1890899094246
RGE-49989106,307.2009568233527
RGE-45390968,523.6548545757861
RGE-79125035,440.1764338932553
RGE-87416986,363.73279830279773
RGE-44406126,913.9952136749781
RGE-68351850,1054.5450770531456
RGE-42481567,105.23654497397024
RGE-32365988,1136.616739420438
RGE-83319493,1198.3855949700257
RGE-30423603,759.5973875699873
RGE-38092583,760.5475868022911
RGE-49758110,715.1237800699205
RGE-75199398,72.45080251140439
RGE-70826062,551.2759464841499
RGE-87938429,1761.8732332307022
RGE-81695711,1309.6989479184517
RGE-37031482,316.14203481733904
RGE-19341054,547.2058758188548
RGE-81243875,74.10796046886458
RGE-93865037,1136.2080745354297
RGE-82851775,1581.19671479342
RGE-49430019,1920.4890389287266
RGE-29945135,337.22019606422606
RGE-82846849,79.369463433654
RGE-79538360,1573.8610284406632
RGE-36000217,359.82317495627143
RGE-19049188,852.9896469287438
RGE-85352575,12.529439030759704
RGE-36882624,59.08860416041
RGE-69460752,1485.9391977850864
RGE-96034497,580.3924819273019
RGE-79017374,227.4294392449549
RGE-32812183,485.4542935666999
RGE-24054720,110.73373036024668
RGE-25103850,872.5368933151929
RGE-83054878,78.37768812173715
RGE-39346962,676.0466081915876
RGE-87070347,1587.76184422893
RGE-96614113,1016.2702560431937
RGE-98791901,586.4026292344961
RGE-45257555,49.63137713059098
RGE-75669475,393.102408083725
RGE-82151785,2368.3963790255457
RGE-17747396,379.3473883184661
RGE-70007258,1119.1326501906808
RGE-55443950,85.29190605352233
RGE-35754689,1779.6232512254448
RGE-35186184,1021.9161220630715
RGE-74600312,1959.9117849711515
RGE-72805172,149.28962438374367
RGE-37347817,1935.9960809862864
RGE-28378550,251.80687364388103
RGE-81298473,1590.4313053978087
RGE-92752256,949.416987373372
RGE-91273449,162.45233835851946
RGE-81969046,2015.8142954831492
RGE-43758229,249.1441038280608
RGE-70470233,1964.8201590059755
RGE-65338439,251.42233950024485
RGE-70384626,1285.759006146391
RGE-71963692,1424.0403567569874
RGE-25703026,262.73062578845884
RGE-34825974,1085.8328631222382
RGE-49486344,1879.724583953282
RGE-31352690,1255.6801315425
RGE-33216448,238.9573775082469
RGE-30106158,1158.415279179636
RGE-50575782,183.48519177795038
RGE-33121196,1394.672444550074
RGE-43998514,1022.0387849601259
RGE-94636235,394.27465713996327
RGE-16994129,98.6895323618595
RGE-65989131,1537.480091817049
RGE-15324217,1288.6102451885565
RGE-29195147,160.54001299919526
RGE-21167791,131.2597358246012
RGE-48077677,211.55789151458623
RGE-33271886,174.4867119842629
RGE-76199686,684.4600121984531
RGE-30254120,925.7298332057813
RGE-24775832,1476.464135203773
RGE-80938155,314.2602490296339
RGE-58318682,707.2658590167802
RGE-26176690,830.8094855751683
RGE-71621967,2124.874143046971
RGE-44137853,905.277094228496
RGE-89721838,2060.0108716653
RGE-81263948,1891.672610549124
RGE-91752175,385.1906474193092
RGE-28333508,-6.541837500795054
RGE-20650947,311.1730159996929
RGE-88836597,1008.3402995675572
RGE-51248518,768.1697849034384
RGE-87045517,322.4298091672647
RGE-73763383,759.5179194050216
RGE-42349544,2242.8726384504043
RGE-17641957,1744.585675889467
RGE-52853306,1033.3106304412604
RGE-80951090,58.197331883209586
RGE-45277529,347.33462226845427
RGE-66526921,354.21098192482464
RGE-74076828,554.8808238558701
RGE-12652646,1563.0686205138395
RGE-40680142,177.8766312703999
RGE-51116879,1880.4939777963
RGE-19212083,1825.5265416984305
RGE-88052773,1353.1690128112512
RGE-15126074,430.4025059738255
RGE-34130115,927.9306675152526
RGE-65670030,753.2863489444878
RGE-93799840,1183.3313789690778
RGE-56736046,231.12335193165245
RGE-18581741,95.99759131529913
RGE-58914342,597.9621835372684
RGE-33534809,237.7180014393412
RGE-34991223,654.9357004051204
RGE-55338817,58.777055676192845
RGE-11821370,94.85619421610488
RGE-37977728,478.7518648760933
RGE-81264566,545.4551604883567
RGE-21126522,134.94189085377593
RGE-11499229,718.0972592038852
RGE-28592722,1418.346357753504
RGE-87826705,185.0335477019231
RGE-34475230,565.6088969826731
RGE-49105038,373.1466965395469
RGE-79943936,324.6958785066735
RGE-20390855,154.27808800049752
RGE-60584400,456.6540829917241
RGE-44790963,576.2924127554652
RGE-16933357,1077.860150063247
RGE-33054909,236.40066517241513
RGE-99578748,1011.4605731842944
RGE-60805886,2438.623968077033
RGE-71075174,826.1803114770541
RGE-26045556,368.7746053144806
RGE-12364823,349.5326040563409
RGE-50593420,891.9500695475976
RGE-87512000,160.0226701496598
RGE-24386263,1257.8439236227096
RGE-51463527,873.6509513033722
RGE-91255312,1526.5564210831126
RGE-78651246,31.330673185950673
RGE-64438160,233.82543860796017
RGE-19952968,648.2463667740533
RGE-43911743,400.6275026917895
RGE-16699308,309.5002461526201
RGE-18004144,1167.0430739488197
RGE-76672525,-41.40338876699661
RGE-28220425,84.95874142296805
RGE-95457926,268.8249546059377
RGE-71088726,2.826519942809341
RGE-29462314,49.76433749677642
RGE-98427866,357.705010580602
RGE-62607136,1370.2632418556077
RGE-63556315,289.02313220211266
RGE-98861881,1074.093648889199
RGE-60320293,309.4443668656361
RGE-90369761,94.16360926965001
RGE-10177163,196.1211632352465
RGE-41619529,1941.1810048968343
RGE-17048540,1615.2895644139098
RGE-83281143,658.8626071085174
RGE-30477983,73.1361756800951
RGE-84332720,1506.0659468882611
RGE-62343363,603.3367841256652
RGE-23375322,1305.5018665254142
RGE-12520646,122.43035367837808
RGE-14646631,116.59801952287216
RGE-29399447,190.5692440583806
RGE-67293310,156.06337703937845
RGE-62828297,1246.8979550372326
RGE-86792516,1167.025613360382
RGE-89320719,428.6772485247299
RGE-33177830,1095.510225432762
RGE-97477306,331.25902212427746
RGE-66273858,762.8564450035254
RGE-21656162,2057.5661418083364
RGE-22846619,1189.0799991959002
RGE-55390019,317.3611555473674
RGE-58090317,407.25610077043126
RGE-69894069,137.59308499543488
RGE-31476321,240.03394357722357
RGE-55336239,921.0165549348307
RGE-75816249,332.0638979875384
RGE-11985221,803.821178925346
RGE-53870353,1066.7127500719312
RGE-58543722,224.01024299591626
RGE-14436309,1779.7376029459456
RGE-56029950,444.19135951995617
RGE-48681000,1822.6036342199593
RGE-16647790,153.0483886350039
RGE-97863030,312.8042665075211
RGE-74102719,65.32739967817406
RGE-66849710,600.0415088332011
RGE-17558882,979.407875974708
RGE-10243016,300.57545194170746
RGE-90876213,459.2928151678122
RGE-39489833,931.6675984503892
RGE-60505914,721.5550270459144
RGE-47027478,434.33105483933394
RGE-64505517,973.4945246880189
RGE-81712771,1240.668477045364
RGE-89077955,440.7866166990976
RGE-18554762,1333.725987166693
RGE-33948575,45.17151722302333
RGE-81067927,429.828243509476
RGE-43125791,591.7519823737462
RGE-73437919,264.01732653609446
RGE-12387824,1448.9308391787774
RGE-28614239,1213.7047682361228
RGE-89861156,95.16141945828213
RGE-51190575,1185.9198099346734
RGE-26727256,499.9358328143818
RGE-19720302,355.3391030994766
RGE-94234323,256.1220324692855
RGE-98398625,391.01287998108006
RGE-83987120,314.0219477982908
RGE-79240320,44.791129401584044
RGE-52093305,360.7638485301417
RGE-96396072,442.5865814996467
RGE-42952817,103.78695183263335
RGE-52964477,255.77906372248475
RGE-53549368,514.198148890625
RGE-22123032,144.8808021457403
RGE-41514024,714.1322264546419
RGE-67121169,1907.7865580031328
RGE-23832682,457.5716394972327
RGE-51549134,1640.4226576952105
RGE-16240792,378.3766523734875
RGE-79295776,436.94189214572566
